"mean_accuracy","mtry","ntree","maxnodes","nodesize"
0.704742565283228,8,300,750,1
0.705882262534576,8,300,750,2
0.706233101169936,8,300,750,5
0.704042117542278,8,300,750,10
0.704742718974449,8,300,750,15
